{"cameraMode":{"drawMode":0,"name":"Shaded","section":"Shading Mode"},"sceneLighting":true,"audioPlay":false,"sceneViewState":{"showFog":true,"showMaterialUpdate":false,"showSkybox":true,"showFlares":true,"showImageEffects":true,"showParticleSystems":true},"in2DMode":false,"pivot":{"x":-0.02248191088438034,"y":0.00030015321681275964,"z":0.34728679060935976},"rotation":{"x":0.27147376537323,"y":-0.1890908181667328,"z":0.0543404221534729,"w":0.9422111511230469},"size":16.8508358001709,"orthographic":false}